item,frequency-focus,frequency-reference,relative-frequency-focus,relative-frequency-reference,Score
"gesuchte",5,14877,2648.30518,0.70844,1550.714
"öko-kandidat",1,0,529.66101,0.00000,530.661
"alterssünden",1,26,529.66101,0.00124,530.005
"wuchtiges",1,58,529.66101,0.00276,529.199
"jahrhundertleben",1,151,529.66101,0.00719,526.872
"stromerte",1,352,529.66101,0.01676,521.913
"recycelte",1,445,529.66101,0.02119,519.649
"preisrede",1,529,529.66101,0.02519,517.622
"dagegensetzen",1,959,529.66101,0.04567,507.485
"notenpapier",1,1026,529.66101,0.04886,505.942
"rußgeschwärzt",1,1155,529.66101,0.05500,502.996
"abenteuertour",1,1368,529.66101,0.06514,498.206
"promenieren",1,1428,529.66101,0.06800,496.873
"orchesterbegleitung",1,1756,529.66101,0.08362,489.711
"überlandleitung",1,1835,529.66101,0.08738,488.017
"triumpf",1,2127,529.66101,0.10129,481.855
"erfindungsgeist",1,2184,529.66101,0.10400,480.670
"vergöttert",1,2285,529.66101,0.10881,478.585
"weltkarriere",1,2761,529.66101,0.13148,468.998
"handwerkliche",1,2939,529.66101,0.13996,465.510
"dichterfürst",1,3323,529.66101,0.15824,458.161
"frührentner",1,4568,529.66101,0.21753,435.851
"flause",1,4878,529.66101,0.23229,430.630
"theaterdirektor",1,4918,529.66101,0.23419,429.965
"sülze",1,4981,529.66101,0.23720,428.923
"steinalt",1,5157,529.66101,0.24558,426.037
"schlendrian",1,5178,529.66101,0.24658,425.695
"troubadour",1,5518,529.66101,0.26277,420.237
"geschwätzig",1,6012,529.66101,0.28629,412.551
"bejubelt",1,6021,529.66101,0.28672,412.414
"staatsamt",1,6226,529.66101,0.29648,409.308
"anschlussleitung",1,6691,529.66101,0.31863,402.435
"geburtsland",1,6715,529.66101,0.31977,402.087
"trinkwasserqualität",1,6784,529.66101,0.32305,401.088
"bühnenwerk",1,6830,529.66101,0.32524,400.425
"eingespeist",1,7337,529.66101,0.34939,393.261
"wahlvolk",1,7534,529.66101,0.35877,390.545
"musikant",2,36622,1059.32202,1.74394,386.423
"wasserknappheit",1,8020,529.66101,0.38191,384.005
"vorgeführt",1,8544,529.66101,0.40686,377.194
"abgetragen",1,8742,529.66101,0.41629,374.683
"akkord",3,68331,1588.98303,3.25392,373.769
"ungeschoren",1,9820,529.66101,0.46763,361.577
"dürsten",1,10179,529.66101,0.48472,357.414
"uraufgeführt",1,10745,529.66101,0.51168,351.041
"fernsehauftritt",1,10772,529.66101,0.51296,350.743
"situiert",1,11437,529.66101,0.54463,343.552
"vergnügung",1,11515,529.66101,0.54834,342.728
"männerwelt",1,11746,529.66101,0.55934,340.310
"fußballweltmeisterschaft",1,12799,529.66101,0.60949,329.708
"bauernfamilie",1,12993,529.66101,0.61873,327.826
"industriestadt",1,13907,529.66101,0.66225,319.242
"wasserglas",1,14439,529.66101,0.68758,314.450
"schnörkellos",1,16536,529.66101,0.78744,296.883
"trainingsgerät",1,17399,529.66101,0.82854,290.210
"geizen",1,17630,529.66101,0.83954,288.475
"nützlichkeit",1,18745,529.66101,0.89264,280.382
"urgroßvater",1,19033,529.66101,0.90635,278.365
"hehr",1,19687,529.66101,0.93749,273.890
"ouvertüre",1,20125,529.66101,0.95835,270.973
"tückisch",1,20730,529.66101,0.98716,267.045
"anzapfen",1,20820,529.66101,0.99145,266.470
"sparsamkeit",1,22129,529.66101,1.05378,258.382
"drängeln",1,22160,529.66101,1.05526,258.197
"tüfteln",1,23468,529.66101,1.11755,250.602
"helle",1,23560,529.66101,1.12193,250.085
"hitzewelle",1,24196,529.66101,1.15221,246.565
"grässlich",1,24335,529.66101,1.15883,245.809
"ressourcenschonend",1,24498,529.66101,1.16659,244.929
"unternehmertum",1,25569,529.66101,1.21759,239.296
"übrigbleiben",1,28002,529.66101,1.33345,227.414
"schmunzelnd",1,28742,529.66101,1.36869,224.031
"geistreich",1,29951,529.66101,1.42627,218.715
"vogue",1,31202,529.66101,1.48584,213.474
"lokalität",1,31213,529.66101,1.48636,213.429
"demütig",1,33393,529.66101,1.59017,204.875
"militärdienst",1,34352,529.66101,1.63584,201.325
"chancenlos",1,39606,529.66101,1.88604,183.872
"lebensabschnitt",1,41281,529.66101,1.96580,178.927
"arie",1,43016,529.66101,2.04842,174.077
"zunichte",1,43778,529.66101,2.08471,172.030
"verschwendung",1,44927,529.66101,2.13942,169.031
"hadern",1,46820,529.66101,2.22957,164.313
"kunststück",1,47626,529.66101,2.26795,162.384
"hinsetzen",1,48167,529.66101,2.29371,161.113
"heimatland",2,118326,1059.32202,5.63468,159.815
"standardwerk",1,49062,529.66101,2.33633,159.055
"landsmann",1,49484,529.66101,2.35643,158.103
"wirtshaus",1,49511,529.66101,2.35771,158.042
"beschriften",1,50909,529.66101,2.42428,154.970
"heimatstadt",2,125757,1059.32202,5.98854,151.723
"spinner",1,55047,529.66101,2.62134,146.537
"finne",1,56153,529.66101,2.67400,144.437
"bequemlichkeit",1,57143,529.66101,2.72115,142.607
"erlernt",1,58892,529.66101,2.80443,139.485
"eingängig",1,59066,529.66101,2.81272,139.182
"landsleute",1,59441,529.66101,2.83058,138.533
"sachbuch",1,59967,529.66101,2.85563,137.633
"aufgeklärt",1,60261,529.66101,2.86963,137.135
"mechaniker",1,61691,529.66101,2.93772,134.763
"hingeben",1,65775,529.66101,3.13220,128.421
"einbüßen",1,65857,529.66101,3.13611,128.300
"sorgsam",1,67482,529.66101,3.21349,125.943
"zeitdruck",1,67966,529.66101,3.23654,125.258
"pullover",1,69408,529.66101,3.30521,123.260
"erfindung",3,258327,1588.98303,12.30152,119.534
"betrauen",1,72899,529.66101,3.47145,118.678
"erschwinglich",1,72953,529.66101,3.47402,118.609
"verblüffend",1,73716,529.66101,3.51035,117.654
"staatsbürgerschaft",1,74680,529.66101,3.55626,116.469
"rätselhaft",1,78464,529.66101,3.73645,112.038
"pflaster",1,78874,529.66101,3.75598,111.578
"beibringen",2,182049,1059.32202,8.66917,109.660
"weiten",1,80850,529.66101,3.85007,109.413
"herausbringen",1,82701,529.66101,3.93822,107.460
"provokation",1,84936,529.66101,4.04465,105.193
"untermauern",1,85138,529.66101,4.05427,104.993
"garant",1,86512,529.66101,4.11970,103.651
"befähigen",1,87228,529.66101,4.15379,102.965
"geblieben",1,87982,529.66101,4.18970,102.253
"wasserversorgung",1,88958,529.66101,4.23618,101.345
"sinngemäß",1,90308,529.66101,4.30046,100.116
"verheiratet",1,91770,529.66101,4.37008,98.818
"privatleben",1,96494,529.66101,4.59504,94.845
"ausruhen",1,97458,529.66101,4.64095,94.073
"überliefern",1,98108,529.66101,4.67190,93.560
"stärksten",1,99473,529.66101,4.73690,92.500
"pragmatisch",1,107270,529.66101,5.10819,86.877
"verzehren",1,107784,529.66101,5.13267,86.530
"krönen",1,109160,529.66101,5.19819,85.615
"beere",1,113375,529.66101,5.39891,82.930
"herab",1,115648,529.66101,5.50715,81.550
"verwerten",1,120368,529.66101,5.73192,78.828
"verrichten",1,120483,529.66101,5.73740,78.764
"kreuzfahrt",1,120848,529.66101,5.75478,78.561
"währen",1,127342,529.66101,6.06402,75.122
"vermerken",1,130439,529.66101,6.21150,73.585
"anderswo",1,133789,529.66101,6.37103,71.993
"bestaunen",1,135408,529.66101,6.44812,71.248
"bisweilen",1,138598,529.66101,6.60003,69.824
"hansestadt",1,139229,529.66101,6.63008,69.549
"provozieren",1,140803,529.66101,6.70503,68.872
"erfinder",1,142262,529.66101,6.77451,68.257
"ehrung",1,145786,529.66101,6.94232,66.814
"komponieren",1,148181,529.66101,7.05637,65.868
"korruption",1,148580,529.66101,7.07537,65.713
"gefährdet",1,154112,529.66101,7.33881,63.638
"erschreckend",1,155185,529.66101,7.38990,63.250
"partnerin",1,157954,529.66101,7.52176,62.271
"woanders",1,158171,529.66101,7.53210,62.196
"aufsicht",1,161370,529.66101,7.68443,61.105
"elementar",1,162915,529.66101,7.75801,60.592
"berufserfahrung",1,165470,529.66101,7.87967,59.761
"rauskommen",1,166828,529.66101,7.94434,59.329
"verschärfen",1,169469,529.66101,8.07011,58.507
"wurf",1,178421,529.66101,8.49640,55.880
"vorgesetzte",1,182090,529.66101,8.67112,54.871
"geboren",2,391160,1059.32202,18.62702,54.024
"zutreffend",1,189650,529.66101,9.03113,52.901
"nahrungsmittel",1,195881,529.66101,9.32784,51.382
"fortan",1,199199,529.66101,9.48585,50.607
"stammgast",1,201646,529.66101,9.60237,50.051
"attraktion",1,202830,529.66101,9.65876,49.786
"einst",3,659718,1588.98303,31.41574,49.050
"tagebuch",1,207127,529.66101,9.86338,48.849
"patent",1,207570,529.66101,9.88447,48.754
"kaufmann",1,208479,529.66101,9.92776,48.561
"lärm",1,211021,529.66101,10.04881,48.029
"tragisch",1,213933,529.66101,10.18748,47.433
"unbekannte",1,220326,529.66101,10.49191,46.177
"bewähren",1,228126,529.66101,10.86335,44.731
"vorbehalten",1,230772,529.66101,10.98935,44.261
"düster",1,236943,529.66101,11.28322,43.202
"vers",1,237185,529.66101,11.29474,43.162
"warnung",1,247297,529.66101,11.77627,41.535
"melodie",1,250790,529.66101,11.94261,41.001
"grandios",1,251771,529.66101,11.98932,40.854
"verfassen",2,527088,1059.32202,25.09991,40.626
"rasant",1,253686,529.66101,12.08052,40.569
"streben",1,254979,529.66101,12.14209,40.379
"goethe",1,257206,529.66101,12.24814,40.056
"dringen",1,258282,529.66101,12.29938,39.901
"aufstehen",1,260251,529.66101,12.39314,39.622
"arg",1,260623,529.66101,12.41086,39.570
"aufsuchen",1,263028,529.66101,12.52538,39.234
"kulinarisch",1,263615,529.66101,12.55334,39.154
"bewundern",1,269382,529.66101,12.82796,38.376
"indes",1,269631,529.66101,12.83982,38.343
"bruch",1,282124,529.66101,13.43473,36.763
"ärger",1,283718,529.66101,13.51064,36.570
"antik",1,285769,529.66101,13.60831,36.326
"künstlerin",1,286125,529.66101,13.62526,36.284
"würdigen",1,289006,529.66101,13.76245,35.947
"hinterlassen",2,604740,1059.32202,28.79769,35.584
"lebensraum",1,294810,529.66101,14.03884,35.286
"dutzend",1,299930,529.66101,14.28265,34.723
"wandeln",1,300477,529.66101,14.30870,34.664
"eingesetzt",1,304148,529.66101,14.48351,34.273
"einfallen",1,309308,529.66101,14.72923,33.737
"ärgern",1,310806,529.66101,14.80057,33.585
"ressource",2,643259,1059.32202,30.63197,33.521
"ingenieur",1,311791,529.66101,14.84747,33.486
"hauptstadt",2,657365,1059.32202,31.30370,32.824
"apfel",1,319920,529.66101,15.23458,32.687
"dichter",1,321859,529.66101,15.32691,32.502
"ufer",1,325670,529.66101,15.50839,32.145
"kritiker",1,330516,529.66101,15.73916,31.702
"winkel",1,330625,529.66101,15.74435,31.692
"klimawandel",1,331961,529.66101,15.80797,31.572
"jahrzehnt",3,1038265,1588.98303,49.44214,31.521
"satt",1,332818,529.66101,15.84878,31.496
"verheiraten",1,333459,529.66101,15.87930,31.439
"feiertag",1,334766,529.66101,15.94154,31.323
"klug",1,335390,529.66101,15.97126,31.268
"prognose",1,345557,529.66101,16.45541,30.401
"vorn",1,351635,529.66101,16.74484,29.905
"musiker",2,723793,1059.32202,34.46700,29.896
"grab",1,355264,529.66101,16.91766,29.617
"sportler",1,356396,529.66101,16.97156,29.528
"oper",1,360481,529.66101,17.16609,29.212
"karriere",2,745168,1059.32202,35.48487,29.062
"erfinden",1,366343,529.66101,17.44524,28.770
"siegen",1,367146,529.66101,17.48348,28.710
"basteln",1,376451,529.66101,17.92658,28.038
"premiere",1,379461,529.66101,18.06992,27.827
"wiederholt",1,393460,529.66101,18.73655,26.887
"disziplin",1,393759,529.66101,18.75079,26.868
"kirchlich",1,396871,529.66101,18.89898,26.668
"rente",1,397251,529.66101,18.91708,26.644
"wohin",1,397521,529.66101,18.92993,26.626
"voller",1,397742,529.66101,18.94046,26.612
"versichern",1,404760,529.66101,19.27465,26.174
"vielfach",1,406859,529.66101,19.37461,26.045
"friedlich",1,414584,529.66101,19.74247,25.583
"angestellte",1,415013,529.66101,19.76290,25.558
"keineswegs",1,415635,529.66101,19.79252,25.522
"permanent",1,415811,529.66101,19.80090,25.511
"genehmigung",1,419391,529.66101,19.97138,25.304
"wieviel",1,421829,529.66101,20.08748,25.165
"ignorieren",1,424050,529.66101,20.19324,25.039
"heimat",2,868951,1059.32202,41.37941,25.020
"locken",1,426766,529.66101,20.32258,24.887
"lehren",1,437259,529.66101,20.82226,24.317
"genuss",1,443486,529.66101,21.11879,23.991
"gelangen",2,915318,1059.32202,43.58741,23.781
"fürchten",1,452689,529.66101,21.55703,23.525
"drängen",1,452755,529.66101,21.56017,23.522
"woher",1,455732,529.66101,21.70194,23.375
"voran",1,459825,529.66101,21.89685,23.176
"erstaunlich",1,466769,529.66101,22.22752,22.846
"worauf",1,475289,529.66101,22.63324,22.454
"beweisen",2,971559,1059.32202,46.26560,22.433
"strafe",1,478544,529.66101,22.78825,22.308
"mischen",1,478704,529.66101,22.79587,22.301
"sänger",1,483029,529.66101,23.00182,22.109
"bewahren",1,490714,529.66101,23.36778,21.777
"talent",1,496791,529.66101,23.65717,21.522
"ausführen",2,1018050,1059.32202,48.47950,21.430
"bewirken",1,513012,529.66101,24.42961,20.868
"dankbar",1,536274,529.66101,25.53735,19.997
"gewöhnlich",1,536899,529.66101,25.56711,19.974
"dahinter",1,542923,529.66101,25.85397,19.761
"entspannt",1,550052,529.66101,26.19345,19.514
"sechs",4,2280833,2118.64404,108.61317,19.337
"genügen",1,559376,529.66101,26.63746,19.201
"publikum",2,1183608,1059.32202,56.36336,18.484
"nachfolger",1,582344,529.66101,27.73120,18.470
"bedanken",1,611064,529.66101,29.09884,17.631
"gebären",2,1248024,1059.32202,59.43085,17.546
"stress",1,614121,529.66101,29.24442,17.546
"formel",1,614481,529.66101,29.26156,17.536
"verabschieden",1,617894,529.66101,29.42409,17.442
"sparen",2,1259440,1059.32202,59.97448,17.390
"bewusstsein",1,628355,529.66101,29.92224,17.161
"wiederholen",1,646299,529.66101,30.77673,16.700
"japan",1,657760,529.66101,31.32250,16.418
"note",1,664623,529.66101,31.64932,16.253
"jegliche",1,665244,529.66101,31.67889,16.239
"en",1,667649,529.66101,31.79342,16.182
"überraschen",1,668193,529.66101,31.81932,16.169
"erweisen",1,673903,529.66101,32.09123,16.036
"fußball",1,687578,529.66101,32.74244,15.727
"umso",1,698114,529.66101,33.24416,15.496
"fernsehen",1,699784,529.66101,33.32368,15.460
"chef",1,708374,529.66101,33.73274,15.278
"ausstattung",1,722359,529.66101,34.39871,14.991
"brücke",1,737484,529.66101,35.11896,14.692
"ernährung",1,742745,529.66101,35.36948,14.591
"gefallen",2,1506734,1059.32202,71.75061,14.575
"kaiser",1,757727,529.66101,36.08293,14.310
"blicken",1,762059,529.66101,36.28922,14.231
"vorsehen",1,763570,529.66101,36.36117,14.204
"probieren",1,764857,529.66101,36.42246,14.180
"versehen",1,777879,529.66101,37.04257,13.949
"werfen",2,1578483,1059.32202,75.16730,13.921
"ewig",1,779919,529.66101,37.13971,13.914
"bekennen",1,782597,529.66101,37.26724,13.867
"stecken",2,1598395,1059.32202,76.11550,13.750
"fort",1,795762,529.66101,37.89415,13.644
"voraus",1,819829,529.66101,39.04022,13.253
"all",3,2535963,1588.98303,120.76245,13.058
"begründen",1,837299,529.66101,39.87214,12.983
"tot",1,843624,529.66101,40.17334,12.888
"haushalt",1,844065,529.66101,40.19434,12.882
"wenigstens",1,847664,529.66101,40.36572,12.829
"landschaft",1,851517,529.66101,40.54920,12.772
"mehrfach",1,862901,529.66101,41.09131,12.607
"unfall",1,868947,529.66101,41.37922,12.522
"betroffen",1,875006,529.66101,41.66775,12.437
"effekt",1,878217,529.66101,41.82066,12.393
"wertvoll",1,880125,529.66101,41.91152,12.366
"glas",1,881524,529.66101,41.97814,12.347
"umgehen",1,885658,529.66101,42.17500,12.291
"herum",1,898589,529.66101,42.79077,12.118
"gern",2,1827063,1059.32202,87.00466,12.048
"spur",1,927223,529.66101,44.15432,11.752
"schriftlich",1,936909,529.66101,44.61557,11.633
"überblick",1,942917,529.66101,44.90167,11.561
"rand",1,944503,529.66101,44.97720,11.542
"beeinflussen",1,947982,529.66101,45.14286,11.500
"öffentlichkeit",1,949827,529.66101,45.23072,11.479
"gewinn",1,952832,529.66101,45.37382,11.443
"trocken",1,967375,529.66101,46.06636,11.275
"verwaltung",1,969945,529.66101,46.18874,11.246
"attraktiv",1,980064,529.66101,46.67061,11.132
"unbekannt",1,990233,529.66101,47.15485,11.020
"alter",2,2005853,1059.32202,95.51864,10.986
"grundlage",2,2029263,1059.32202,96.63342,10.860
"drin",1,1008264,529.66101,48.01349,10.827
"musikalisch",1,1013175,529.66101,48.24735,10.775
"jahrhundert",3,3088188,1588.98303,147.05939,10.739
"boden",2,2081059,1059.32202,99.09995,10.593
"hinten",1,1068759,529.66101,50.89426,10.226
"wissenschaft",1,1082482,529.66101,51.54775,10.099
"italien",1,1087322,529.66101,51.77823,10.055
"sauber",1,1094096,529.66101,52.10081,9.993
"schließlich",3,3337984,1588.98303,158.95465,9.940
"meer",1,1138311,529.66101,54.20633,9.612
"jene",2,2298521,1059.32202,109.45547,9.600
"lied",1,1161848,529.66101,55.32716,9.421
"ereignis",1,1164146,529.66101,55.43658,9.403
"spät",2,2356016,1059.32202,112.19339,9.367
"sohn",2,2394206,1059.32202,114.01199,9.219
"kontrolle",1,1193611,529.66101,56.83971,9.175
"schiff",1,1197827,529.66101,57.04047,9.143
"ankommen",1,1203629,529.66101,57.31676,9.100
"nahe",1,1210045,529.66101,57.62230,9.052
"alltag",1,1213154,529.66101,57.77034,9.029
"wetter",1,1221248,529.66101,58.15578,8.971
"beruf",1,1230715,529.66101,58.60660,8.903
"verschwinden",1,1233628,529.66101,58.74532,8.882
"überlegen",1,1236063,529.66101,58.86127,8.865
"verfolgen",1,1249146,529.66101,59.48428,8.774
"behörde",1,1258879,529.66101,59.94777,8.707
"reichen",2,2536993,1059.32202,120.81150,8.705
"maschine",1,1275971,529.66101,60.76168,8.592
"völlig",2,2586609,1059.32202,123.17421,8.539
"umgang",1,1297460,529.66101,61.78499,8.452
"rennen",1,1318327,529.66101,62.77868,8.320
"schluss",1,1321274,529.66101,62.91902,8.302
"kraft",2,2663923,1059.32202,126.85590,8.293
"rot",2,2665567,1059.32202,126.93419,8.288
"verzichten",1,1324816,529.66101,63.08768,8.280
"endlich",2,2688508,1059.32202,128.02664,8.218
"zugleich",1,1337690,529.66101,63.70074,8.202
"nachhaltig",1,1341835,529.66101,63.89813,8.177
"anfangen",1,1351992,529.66101,64.38180,8.116
"manche",2,2732618,1059.32202,130.12715,8.086
"verlangen",1,1362331,529.66101,64.87415,8.056
"verdienen",1,1366886,529.66101,65.09106,8.029
"museum",1,1373602,529.66101,65.41087,7.991
"merken",1,1389547,529.66101,66.17017,7.900
"dunkel",1,1401109,529.66101,66.72075,7.836
"künstler",1,1402901,529.66101,66.80608,7.826
"auftrag",1,1435717,529.66101,68.36878,7.650
"bislang",1,1454238,529.66101,69.25075,7.554
"präsident",1,1465950,529.66101,69.80848,7.494
"interessieren",1,1467476,529.66101,69.88114,7.487
"musik",2,2966126,1059.32202,141.24680,7.454
"finanziell",1,1476991,529.66101,70.33425,7.439
"eltern",2,2976259,1059.32202,141.72932,7.429
"erlauben",1,1494370,529.66101,71.16183,7.354
"eu",1,1499830,529.66101,71.42184,7.327
"damals",2,3039698,1059.32202,144.75031,7.275
"europa",2,3043319,1059.32202,144.92273,7.266
"feld",1,1539889,529.66101,73.32945,7.139
"plan",1,1561952,529.66101,74.38009,7.040
"stammen",1,1574433,529.66101,74.97444,6.985
"ernst",1,1602874,529.66101,76.32880,6.862
"ober",1,1615408,529.66101,76.92567,6.810
"termin",1,1633098,529.66101,77.76806,6.737
"vier",3,4942769,1588.98303,235.37447,6.727
"bewusst",1,1657552,529.66101,78.93256,6.639
"tochter",1,1677746,529.66101,79.89420,6.560
"voraussetzung",1,1677984,529.66101,79.90553,6.559
"wechseln",1,1727155,529.66101,82.24705,6.375
"wann",1,1755933,529.66101,83.61746,6.271
"bitten",1,1792450,529.66101,85.35639,6.145
"bürger",1,1796618,529.66101,85.55488,6.131
"acht",1,1800675,529.66101,85.74807,6.117
"gründen",1,1811556,529.66101,86.26622,6.081
"teuer",1,1812965,529.66101,86.33332,6.076
"hinter",2,3656818,1059.32202,174.13753,6.054
"heraus",1,1821743,529.66101,86.75133,6.047
"technik",1,1878962,529.66101,89.47609,5.865
"leisten",1,1886182,529.66101,89.81991,5.843
"gebiet",1,1898873,529.66101,90.42426,5.804
"reich",1,1907226,529.66101,90.82203,5.779
"quelle",1,1934745,529.66101,92.13248,5.698
"eng",1,1991141,529.66101,94.81805,5.538
"sogar",3,6033547,1588.98303,287.31726,5.515
"krieg",1,2001536,529.66101,95.31306,5.510
"grün",1,2041840,529.66101,97.23234,5.402
"niemand",1,2065995,529.66101,98.38260,5.340
"innen",1,2083484,529.66101,99.21542,5.295
"sterben",1,2095690,529.66101,99.79668,5.265
"wasser",2,4222862,1059.32202,201.09251,5.247
"darum",1,2104985,529.66101,100.23930,5.242
"breit",1,2116803,529.66101,100.80207,5.213
"weltweit",1,2120841,529.66101,100.99436,5.203
"nichts",4,8636491,2118.64404,411.26935,5.141
"studie",1,2148119,529.66101,102.29333,5.137
"entdecken",1,2150800,529.66101,102.42101,5.131
"lieben",1,2160244,529.66101,102.87074,5.109
"material",1,2168834,529.66101,103.27979,5.089
"licht",1,2169976,529.66101,103.33417,5.086
"seine",25,54854831,13241.52539,2612.18481,5.068
"natur",1,2187382,529.66101,104.16304,5.046
"egal",1,2239903,529.66101,106.66409,4.929
"siehe",1,2242137,529.66101,106.77048,4.924
"manchmal",1,2244906,529.66101,106.90234,4.918
"besuchen",1,2260191,529.66101,107.63020,4.885
"verlassen",1,2267959,529.66101,108.00011,4.868
"verkaufen",1,2273657,529.66101,108.27145,4.856
"wort",2,4581698,1059.32202,218.18027,4.838
"welt",3,6927635,1588.98303,329.89368,4.805
"eigentlich",3,6977380,1588.98303,332.26254,4.771
"frau",4,9317583,2118.64404,443.70294,4.766
"tod",1,2340291,529.66101,111.44456,4.719
"nie",2,4773445,1059.32202,227.31126,4.644
"warum",2,4814754,1059.32202,229.27838,4.605
"dort",4,9679582,2118.64404,460.94131,4.589
"später",2,4853356,1059.32202,231.11662,4.568
"zeit",7,17175065,3707.62720,817.87585,4.529
"steigen",1,2463840,529.66101,117.32796,4.485
"knapp",1,2466865,529.66101,117.47201,4.479
"bald",1,2471313,529.66101,117.68382,4.471
"früh",2,4989178,1059.32202,237.58446,4.444
"doch",8,20396319,4237.28809,971.27191,4.359
"titel",1,2536378,529.66101,120.78221,4.357
"privat",1,2548021,529.66101,121.33666,4.338
"arbeit",3,7676594,1588.98303,365.55908,4.338
"name",2,5168182,1059.32202,246.10861,4.291
"handeln",2,5181995,1059.32202,246.76639,4.280
"land",3,7797555,1588.98303,371.31924,4.270
"bedeutung",1,2595451,529.66101,123.59528,4.259
"wünschen",1,2612898,529.66101,124.42609,4.231
"dienen",1,2647606,529.66101,126.07889,4.176
"gelingen",1,2738746,529.66101,130.41898,4.038
"viel",5,13901135,2648.30518,661.97144,3.996
"ermöglichen",1,2775744,529.66101,132.18082,3.985
"kopf",1,2789818,529.66101,132.85101,3.965
"vater",1,2799948,529.66101,133.33340,3.950
"gleichzeitig",1,2800024,529.66101,133.33704,3.950
"firma",1,2809376,529.66101,133.78236,3.937
"richtig",3,8495966,1588.98303,404.57755,3.920
"werk",1,2839607,529.66101,135.22197,3.896
"staat",1,2859418,529.66101,136.16537,3.869
"wenig",2,5745023,1059.32202,273.57776,3.862
"funktionieren",1,2896279,529.66101,137.92070,3.820
"sprechen",2,5836544,1059.32202,277.93597,3.801
"mensch",5,14766604,2648.30518,703.18506,3.762
"fehlen",1,2942845,529.66101,140.13817,3.760
"einsetzen",1,2973943,529.66101,141.61903,3.721
"schnell",3,9078928,1588.98303,432.33817,3.669
"brauchen",2,6094376,1059.32202,290.21393,3.641
"bilden",1,3042970,529.66101,144.90610,3.637
"interesse",1,3070905,529.66101,146.23637,3.604
"essen",1,3141847,529.66101,149.61462,3.523
"starten",1,3151777,529.66101,150.08749,3.512
"grund",2,6495439,1059.32202,309.31256,3.417
"sonst",1,3246003,529.66101,154.57454,3.411
"ding",1,3269370,529.66101,155.68727,3.387
"rolle",1,3296614,529.66101,156.98462,3.359
"überhaupt",1,3330610,529.66101,158.60352,3.325
"auto",1,3330810,529.66101,158.61304,3.325
"dadurch",1,3360298,529.66101,160.01726,3.296
"wenige",1,3434226,529.66101,163.53770,3.225
"mitarbeiter",1,3440986,529.66101,163.85962,3.219
"straße",1,3444832,529.66101,164.04276,3.215
"sache",1,3502759,529.66101,166.80124,3.162
"anders",1,3516961,529.66101,167.47754,3.150
"mann",2,7065960,1059.32202,336.48071,3.142
"idee",1,3566429,529.66101,169.83321,3.106
"danach",1,3576167,529.66101,170.29692,3.098
"andere",3,10757606,1588.98303,512.27679,3.098
"entscheiden",1,3580157,529.66101,170.48692,3.094
"bleiben",3,10807583,1588.98303,514.65662,3.083
"aufgabe",1,3597155,529.66101,171.29637,3.080
"eigen",3,10901595,1588.98303,519.13348,3.057
"ihre",18,65493487,9533.89844,3118.79712,3.056
"öffentlich",1,3631323,529.66101,172.92345,3.051
"anfang",1,3659709,529.66101,174.27519,3.028
"viele",6,22041763,3177.96606,1049.62793,3.026
"hören",1,3671208,529.66101,174.82277,3.018
"setzen",2,7432256,1059.32202,353.92371,2.987
"sinn",1,3711011,529.66101,176.71820,2.986
"erkennen",1,3743040,529.66101,178.24341,2.961
"erfolgreich",1,3751034,529.66101,178.62408,2.954
"zwei",4,15111846,2118.64404,719.62549,2.941
"leute",1,3806595,529.66101,181.26990,2.911
"wohl",2,7630968,1059.32202,363.38638,2.910
"sorgen",1,3809294,529.66101,181.39842,2.909
"heute",3,11470951,1588.98303,546.24622,2.905
"schlecht",1,3857559,529.66101,183.69681,2.873
"erscheinen",1,3877113,529.66101,184.62796,2.859
"unterstützen",1,3919916,529.66101,186.66624,2.828
"spielen",2,7928558,1059.32202,377.55759,2.801
"kaum",1,3975429,529.66101,189.30977,2.788
"allerdings",2,7991426,1059.32202,380.55136,2.779
"tun",2,8146658,1059.32202,387.94351,2.726
"weg",2,8215038,1059.32202,391.19977,2.704
"ander",5,20754246,2648.30518,988.31635,2.678
"produkt",1,4220348,529.66101,200.97279,2.627
"am",1,4231829,529.66101,201.51953,2.620
"erhalten",2,8580130,1059.32202,408.58542,2.589
"bekommen",2,8666524,1059.32202,412.69952,2.563
"leben",3,13034354,1588.98303,620.69543,2.557
"geld",1,4352105,529.66101,207.24706,2.548
"zudem",1,4375413,529.66101,208.35699,2.535
"verwenden",1,4411274,529.66101,210.06468,2.514
"selbst",3,13348602,1588.98303,635.65991,2.497
"lernen",1,4447925,529.66101,211.81001,2.494
"gehen",6,26892499,3177.96606,1280.61975,2.480
"hoch",3,13471604,1588.98303,641.51727,2.475
"hin",1,4708593,529.66101,224.22299,2.356
"kommen",6,28372544,3177.96606,1351.09937,2.351
"darüber",1,4744996,529.66101,225.95653,2.338
"weniger",1,4747012,529.66101,226.05252,2.337
"hand",1,4767399,529.66101,227.02335,2.327
"jahr",8,38271912,4237.28809,1822.50696,2.324
"ohne",3,14353746,1588.98303,683.52478,2.323
"je",1,4793289,529.66101,228.25623,2.315
"treffen",1,4795113,529.66101,228.34308,2.314
"dabei",3,14496267,1588.98303,690.31165,2.300
"erklären",1,4861363,529.66101,231.49791,2.282
"entsprechend",1,4877289,529.66101,232.25632,2.275
"berlin",1,4982074,529.66101,237.24615,2.227
"familie",1,4984009,529.66101,237.33832,2.227
"lang",2,9982840,1059.32202,475.38242,2.226
"statt",1,5023383,529.66101,239.21330,2.209
"wichtig",2,10113598,1059.32202,481.60913,2.197
"ort",1,5106042,529.66101,243.14951,2.174
"schaffen",1,5189068,529.66101,247.10321,2.139
"folgend",1,5263962,529.66101,250.66966,2.109
"zeigen",2,10554368,1059.32202,502.59860,2.105
"heißen",1,5286665,529.66101,251.75076,2.100
"bekannt",1,5397893,529.66101,257.04745,2.056
"haben",30,162718039,15889.83008,7748.62646,2.051
"alt",2,10839413,1059.32202,516.17242,2.050
"helfen",1,5510034,529.66101,262.38760,2.015
"sie",136,756259702,72033.89844,36013.05859,2.000
"klar",1,5573677,529.66101,265.41827,1.992
"als",15,84065852,7944.91504,4003.21216,1.984
"art",1,5631196,529.66101,268.15732,1.972
"um",9,51117445,4766.94922,2434.21069,1.958
"geschichte",1,5753966,529.66101,274.00363,1.930
"leicht",1,5800286,529.66101,276.20938,1.914
"erst",5,29170936,2648.30518,1389.11877,1.906
"was",6,36077788,3177.96606,1718.02283,1.849
"davon",1,6122360,529.66101,291.54654,1.814
"möglichkeit",1,6197579,529.66101,295.12845,1.792
"wissen",2,12459506,1059.32202,593.32117,1.784
"fast",1,6231212,529.66101,296.73007,1.782
"jung",1,6263208,529.66101,298.25369,1.773
"rund",1,6285029,529.66101,299.29282,1.767
"stehen",3,19090654,1588.98303,909.09613,1.747
"ob",2,12750789,1059.32202,607.19208,1.743
"gehören",1,6440053,529.66101,306.67505,1.725
"solche",1,6565283,529.66101,312.63852,1.692
"liegen",2,13167438,1059.32202,627.03284,1.688
"gelten",1,6735695,529.66101,320.75354,1.649
"zwar",1,6795717,529.66101,323.61179,1.635
"eine",58,396530336,30720.33984,18882.75781,1.627
"vielleicht",1,6845865,529.66101,325.99982,1.623
"spiel",1,6988586,529.66101,332.79617,1.590
"zweit",1,7021295,529.66101,334.35376,1.582
"lassen",3,21159730,1588.98303,1007.62555,1.576
"denn",2,14523740,1059.32202,691.61993,1.531
"etwas",2,14762375,1059.32202,702.98370,1.506
"dann",5,37290107,2648.30518,1775.75330,1.491
"diese",12,89515626,6355.93213,4262.73047,1.491
"noch",7,52909467,3707.62720,2519.54663,1.471
"recht",1,7607854,529.66101,362.28571,1.461
"einfach",2,15520668,1059.32202,739.09357,1.433
"mit",23,179087864,12182.20312,8528.15723,1.428
"unter",3,23930284,1588.98303,1139.55920,1.394
"stadt",1,8002463,529.66101,381.07697,1.389
"dafür",1,8110881,529.66101,386.23984,1.370
"ende",1,8171685,529.66101,389.13528,1.360
"verschieden",1,8192418,529.66101,390.12259,1.357
"gerade",1,8274576,529.66101,394.03497,1.343
"wieder",3,25337483,1588.98303,1206.56982,1.317
"aus",8,67602568,4237.28809,3219.23145,1.316
"damit",2,16928315,1059.32202,806.12567,1.314
"können",12,103001855,6355.93213,4904.94434,1.296
"nah",1,8665627,529.66101,412.65680,1.283
"man",6,52275902,3177.96606,2489.37622,1.277
"sehr",3,26197998,1588.98303,1247.54761,1.273
"wenn",5,43729937,2648.30518,2082.41772,1.272
"sollen",4,35028104,2118.64404,1668.03687,1.270
"in",48,428446574,25423.72852,20402.60938,1.246
"alle",6,54201989,3177.96606,2581.09644,1.231
"fall",1,9113199,529.66101,433.97018,1.220
"keine",4,36509834,2118.64404,1738.59680,1.218
"jedoch",1,9168232,529.66101,436.59082,1.213
"ein",1,9263361,529.66101,441.12085,1.200
"seite",1,9285870,529.66101,442.19275,1.197
"schön",1,9339383,529.66101,444.74106,1.191
"drei",1,9351560,529.66101,445.32092,1.189
"bringen",1,9383355,529.66101,446.83499,1.185
"schon",3,29039356,1588.98303,1382.85291,1.149
"machen",3,29413052,1588.98303,1400.64832,1.134
"nicht",13,128578879,6885.59326,6122.92090,1.125
"nur",5,49702108,2648.30518,2366.81226,1.119
"weiter",1,10007643,529.66101,476.56354,1.111
"aber",6,60064965,3177.96606,2860.29126,1.111
"sein",35,353241845,18538.13477,16821.36133,1.102
"wo",1,10122275,529.66101,482.02234,1.099
"dass",7,71215132,3707.62720,3391.26147,1.093
"ganz",2,21901748,1059.32202,1042.96033,1.016
"wollen",2,22157001,1059.32202,1055.11548,1.004
"über",4,45864960,2118.64404,2184.08765,0.970
"einige",1,11712764,529.66101,557.76135,0.950
"sondern",1,11737206,529.66101,558.92529,0.948
"werden",17,201040695,9004.23730,9573.54980,0.941
"beide",1,11871601,529.66101,565.32513,0.937
"bereits",1,11948566,529.66101,568.99023,0.931
"mehr",3,36094506,1588.98303,1718.81897,0.925
"nehmen",1,12057567,529.66101,574.18085,0.923
"auch",10,121746062,5296.61035,5797.54248,0.914
"stellen",1,12320673,529.66101,586.70990,0.903
"zu",21,260534395,11122.88184,12406.63672,0.897
"vor",3,37272881,1588.98303,1774.93298,0.895
"deutsch",1,12662562,529.66101,602.99066,0.879
"wie",5,65472410,2648.30518,3117.79346,0.849
"groß",2,26203704,1059.32202,1247.81934,0.849
"und",37,502730915,19597.45703,23940.02539,0.819
"oder",5,68721727,2648.30518,3272.52588,0.809
"tag",1,13907620,529.66101,662.28027,0.800
"für",10,144336045,5296.61035,6873.27686,0.771
"die",111,1664458713,58792.37109,79261.46094,0.742
"auf",9,136275064,4766.94922,6489.41309,0.735
"nun",1,15160659,529.66101,721.94995,0.734
"so",4,60790459,2118.64404,2894.83911,0.732
"bis",2,32641625,1059.32202,1554.39282,0.682
"an",8,131722631,4237.28809,6272.62598,0.676
"jetzt",1,16483116,529.66101,784.92529,0.675
"da",2,33482030,1059.32202,1594.41284,0.665
"geben",2,38069661,1059.32202,1812.87561,0.585
"ja",1,19782965,529.66101,942.06403,0.563
"durch",2,39618437,1059.32202,1886.62830,0.562
"nach",3,62031190,1588.98303,2953.92261,0.538
"gut",2,42510730,1059.32202,2024.35925,0.524
"bei",4,95277546,2118.64404,4537.11279,0.467
"finden",1,24296462,529.66101,1156.99658,0.458
"immer",1,24349300,529.66101,1159.51270,0.457
"mal",1,24469747,529.66101,1165.24841,0.455
"von",8,196272693,4237.28809,9346.49707,0.453
"hier",1,28247466,529.66101,1345.14319,0.394
"meine",1,31686946,529.66101,1508.93103,0.351
"neu",1,32142797,529.66101,1530.63867,0.346
